Result,Value
ICLN Mean CATE,0.041928758735040685
XLE Mean CATE,0.13487083371832187
ICLN Volatility RMSE (Best Model),0.2257548417737327
XLE Volatility RMSE (Best Model),0.1637156607897005
